experiment,population,relevant,retrieved,positives,precision,recall,fmeasure,accuracy,error
heat-gutenberg2-000112-gs,1000,500,657,474,0.7214611872146118,0.948,0.8193604148660328,0.791,0.20899999999999996
heat-music-1-gs,1000,500,559,457,0.817531305903399,0.914,0.8630783758262512,0.855,0.14500000000000002
entity-music-gs,1000,500,808,462,0.5717821782178217,0.924,0.7064220183486238,0.616,0.384
sentimus-1-gs,1000,500,487,338,0.6940451745379876,0.676,0.6849037487335359,0.689,0.31100000000000005
