experiment,relevant,retrieved,positives,precision,recall,fmeasure
run-heat-only,1098,57498,135,0.0023479077533131586,0.12295081967213115,0.002303911529797255
