experiment,relevant,retrieved,positives,precision,recall,fmeasure
run-heat-only,1098,398,30,0.07537688442211055,0.0273224043715847,0.020053475935828874
